epoch,lr,loss,accuracy
1,5.9999999999999995e-05,2.5074978207674894,0.25781818181818184
2,0.00011999999999999999,2.1044114508195357,0.35618181818181816
3,0.00018,1.9362271451083097,0.43463636363636365
4,0.00023999999999999998,1.8664940278313378,0.48345454545454547
5,0.0003,1.593399983926253,0.5550909090909091
6,0.00035999999999999997,1.3858984890851107,0.6368181818181818
7,0.00042,1.263640843781558,0.6893636363636364
8,0.0004799999999999999,1.1403283438682557,0.7417272727272727
9,0.00054,1.0707694022438743,0.7681818181818182
10,0.0005999999999999998,1.04395242136175,0.7775454545454545
11,0.0006,0.9767495044361462,0.8145454545454546
12,0.0005998756105589934,0.9923790270198475,0.8184545454545454
13,0.0005995025455597335,0.9473535420677879,0.8286363636363636
14,0.0005988811148876741,0.9024570467255332,0.8468181818181818
15,0.0005980118347325577,0.8946679880835793,0.8476363636363636
16,0.0005968954271596434,0.8620276483188976,0.8602727272727273
17,0.0005955328195099258,0.8625011534257369,0.8615454545454545
18,0.0005939251436298414,0.8068284179514105,0.8868181818181818
19,0.0005920737349311033,0.8221450874588706,0.8792727272727273
20,0.0005899801312814452,0.832409412947568,0.8699090909090909
21,0.0005876460717271953,0.8182313272302801,0.8741818181818182
22,0.0005850734950487425,0.7597438067956405,0.898
23,0.0005822645381500935,0.7509201755090193,0.9063636363636364
24,0.0005792215342838587,0.7900061023885554,0.882
25,0.0005759470111131426,0.7530025145790794,0.8955454545454545
26,0.0005724436886119471,0.7950444909876043,0.8795454545454545
27,0.000568714476805832,0.7672438566034491,0.8861818181818182
28,0.0005647624733547101,0.7095849505337802,0.9038181818181819
29,0.0005605909609797847,0.7432836997725747,0.9068181818181819
30,0.0005562034047367648,0.7150798779834401,0.9185454545454546
31,0.0005516034491376268,0.7427557417262685,0.9107272727272727
32,0.0005467949151233098,0.6829162977825511,0.925
33,0.0005417817968898614,0.6597763348492709,0.9347272727272727
34,0.0005365682585706685,0.6931291262886741,0.9251818181818182
35,0.0005311586307775325,0.6811502664739435,0.9284545454545454
36,0.0005255574070034566,0.6687266473986886,0.9299090909090909
37,0.0005197692398901384,0.6720202432979236,0.9300909090909091
38,0.0005137989373632649,0.6579738838022405,0.9359090909090909
39,0.0005076514586388227,0.6574813946810636,0.94
40,0.0005013319101037377,0.6169277359355579,0.9461818181818182
41,0.0004948455410742681,0.6369426591613075,0.9467272727272728
42,0.0004881977394356743,0.6172918663024902,0.9500909090909091
43,0.000481394027166786,0.6200167388265783,0.9503636363636364
44,0.0004744400557531851,0.6550570468035611,0.9347272727272727
45,0.00046734160149281435,0.6593838121240789,0.9321818181818182
46,0.0004601045606979105,0.64216617640582,0.9340909090909091
47,0.00045273494479724824,0.6341409095200625,0.9427272727272727
48,0.00044523887534276304,0.6521992153687911,0.9331818181818182
49,0.00043762257892469977,0.6656965099031275,0.9432727272727273
50,0.00042989238199951245,0.6366381005373868,0.9415454545454546
51,0.00042205470563480975,0.6152606324282559,0.9485454545454546
52,0.00041411606017571225,0.6367171137549661,0.9451818181818182
53,0.0004060830398370512,0.6166843135140159,0.949
54,0.0003979623172259021,0.6426450264670632,0.9488181818181818
55,0.00038976063779900036,0.6332393174604936,0.9416363636363636
56,0.00038148481425964655,0.6423346556750211,0.9395454545454546
57,0.0003731417208987517,0.6366173968748613,0.9470909090909091
58,0.00036473828788472585,0.621290253422477,0.9592727272727273
59,0.00035628149550695243,0.6450380278500644,0.9298181818181818
60,0.000347778368377629,0.6034773695685647,0.9559090909090909
61,0.00033923596959679176,0.5744648483016275,0.9632727272727273
62,0.0003306613948853702,0.6189079928181388,0.9495454545454546
63,0.0003220617666911455,0.5977857411991466,0.9509090909090909
64,0.000313444228272508,0.5932865585413846,0.95
65,0.0003048159377649284,0.6304678106091239,0.944
66,0.00029618406223507165,0.6204129823554646,0.9479090909090909
67,0.00028755577172749196,0.6145738164294849,0.9450909090909091
68,0.00027893823330885445,0.6007388008941303,0.9575454545454546
69,0.0002703386051146298,0.5930322092446414,0.9534545454545454
70,0.0002617640304032082,0.5882810592651367,0.9616363636363636
71,0.000253221631622371,0.5962629557956349,0.9530909090909091
72,0.00024471850449304754,0.5922120226079768,0.9660909090909091
73,0.0002362617121152741,0.6009274026914077,0.956
74,0.00022785827910124832,0.6102896591099826,0.9537272727272728
75,0.00021951518574035334,0.6164376696023074,0.9446363636363636
76,0.00021123936220099955,0.6140712944377552,0.9454545454545454
77,0.00020303768277409788,0.6248508511456576,0.9573636363636364
78,0.00019491696016294874,0.5847693925337358,0.9569090909090909
79,0.0001868839398242877,0.5914881635362452,0.9619090909090909
80,0.00017894529436519017,0.5978385997035287,0.9551818181818181
81,0.00017110761800048755,0.6195380878448487,0.9443636363636364
82,0.00016337742107530028,0.6025184340910478,0.961
83,0.00015576112465723698,0.6071723594665527,0.9578181818181818
84,0.00014826505520275178,0.6284694385528564,0.9484545454545454
85,0.00014089543930208948,0.5976189256147905,0.9560909090909091
86,0.00013365839850718565,0.5717060790712183,0.9698181818181818
87,0.00012655994424681482,0.5825544573176991,0.9730909090909091
88,0.00011960597283321399,0.596492138819261,0.9643636363636363
89,0.0001128022605643256,0.6101793038628318,0.9627272727272728
90,0.00010615445892573185,0.5842245083722202,0.9614545454545455
91,9.966808989626217e-05,0.591295666477897,0.9627272727272728
92,9.334854136117717e-05,0.5900340493809093,0.9598181818181818
93,8.7201062636735e-05,0.5844429916902022,0.9659090909090909
94,8.123076010986163e-05,0.5509613763852553,0.9803636363636363
95,7.544259299654324e-05,0.574469757643613,0.9622727272727273
96,6.984136922246731e-05,0.5718003256537697,0.9584545454545454
97,6.443174142933138e-05,0.5697283413626931,0.9651818181818181
98,5.9218203110138674e-05,0.5836812274456025,0.9668181818181818
99,5.4205084876690095e-05,0.5800854402888905,0.9664545454545455
100,4.9396550862373145e-05,0.5756779539801857,0.9665454545454546
101,4.47965952632351e-05,0.6226299635280262,0.957
102,4.0409039020215247e-05,0.5425108242901889,0.9758181818181818
103,3.623752664528973e-05,0.5689465849616311,0.9736363636363636
104,3.228552319416798e-05,0.5666565733606165,0.9717272727272728
105,2.855631138805287e-05,0.5744929996837269,0.9763636363636363
106,2.5052988886857393e-05,0.5620368798212572,0.9718181818181818
107,2.177846571614129e-05,0.5699279870986939,0.9699090909090909
108,1.8735461849906456e-05,0.5732256832989779,0.9701818181818181
109,1.5926504951257368e-05,0.5930684330680154,0.9683636363636363
110,1.3353928272804641e-05,0.5826128700429744,0.9693636363636363
111,1.1019868718554756e-05,0.5825683396079323,0.9634545454545455
112,8.926265068896586e-06,0.5936744226108898,0.9628181818181818
113,7.074856370158514e-06,0.5886442887132818,0.9752727272727273
114,5.467180490074126e-06,0.5551367777911099,0.9722727272727273
115,4.104572840356568e-06,0.5734380285089666,0.9674545454545455
116,2.988165267442297e-06,0.589725429166447,0.9693636363636363
117,2.1188851123258446e-06,0.5777028887922113,0.978
118,1.4974544402664829e-06,0.5222729861953042,0.9794545454545455
119,1.1243894410065735e-06,0.563761153719642,0.9679090909090909
120,1e-06,0.601440832008015,0.9658181818181818
