run,class,precision,recall,f1,support
baseline_densenet161,A,97.51,97.89,97.70,760
baseline_densenet161,B,84.98,87.11,86.03,760
baseline_densenet161,C,87.97,85.66,86.80,760
baseline_densenet161,D,89.58,87.11,88.33,760
baseline_densenet161,E,81.39,83.42,82.39,760
cand_densenet161_newrecipe,A,96.54,99.21,97.86,760
cand_densenet161_newrecipe,B,83.55,92.89,87.98,760
cand_densenet161_newrecipe,C,90.60,90.00,90.30,760
cand_densenet161_newrecipe,D,92.58,86.97,89.69,760
cand_densenet161_newrecipe,E,89.36,82.89,86.01,760
cand_densenet121_cwt,A,96.31,99.47,97.86,760
cand_densenet121_cwt,B,88.12,88.82,88.47,760
cand_densenet121_cwt,C,89.59,89.47,89.53,760
cand_densenet121_cwt,D,94.56,86.84,90.53,760
cand_densenet121_cwt,E,83.96,87.50,85.70,760
cand_densenet_s_cwt,A,96.30,99.21,97.73,760
cand_densenet_s_cwt,B,86.71,86.71,86.71,760
cand_densenet_s_cwt,C,87.61,89.34,88.47,760
cand_densenet_s_cwt,D,92.61,87.37,89.91,760
cand_densenet_s_cwt,E,84.97,85.53,85.25,760
cand_densenet_xs_cwt,A,97.27,98.42,97.84,760
cand_densenet_xs_cwt,B,86.09,90.39,88.19,760
cand_densenet_xs_cwt,C,89.60,90.66,90.12,760
cand_densenet_xs_cwt,D,92.64,87.76,90.14,760
cand_densenet_xs_cwt,E,87.10,85.26,86.17,760
cand_efficientnet_b0,A,96.31,99.47,97.86,760
cand_efficientnet_b0,B,89.37,89.61,89.49,760
cand_efficientnet_b0,C,90.53,89.34,89.93,760
cand_efficientnet_b0,D,92.40,89.61,90.98,760
cand_efficientnet_b0,E,87.47,88.16,87.81,760
