position,start_ms,baseline_densenet161,cand_densenet161_newrecipe,cand_densenet121_cwt,cand_densenet_s_cwt,cand_densenet_xs_cwt,cand_efficientnet_b0
0,0,85.00,85.00,86.50,88.00,85.50,87.50
1,150,90.50,92.00,92.50,92.00,92.50,93.50
2,300,91.00,94.00,92.00,91.50,95.00,95.00
3,450,87.00,90.00,91.50,91.00,90.00,92.00
4,600,86.50,89.50,92.50,87.50,89.50,90.00
5,750,86.50,90.00,89.00,89.00,86.00,87.50
6,900,84.50,86.00,85.50,86.00,85.00,85.50
7,1050,86.50,88.00,88.50,89.00,88.00,90.50
8,1200,87.50,93.00,93.00,89.50,94.00,90.50
9,1350,93.50,97.00,94.00,93.00,94.00,93.50
10,1500,91.00,94.50,92.00,93.00,92.00,92.50
11,1650,92.00,93.00,91.50,91.50,93.00,93.50
12,1800,93.00,92.50,92.50,90.00,93.50,92.50
13,1950,90.00,91.50,91.00,89.00,94.50,93.50
14,2100,90.00,93.50,94.00,93.00,96.00,94.50
15,2250,91.50,94.50,94.50,92.00,94.00,92.50
16,2400,88.00,88.50,91.50,90.50,90.00,92.50
17,2550,85.50,87.50,86.50,88.50,86.50,91.00
18,2700,77.00,77.50,79.50,79.00,80.50,85.50
