epoch,lr,train_loss,train_accuracy,val_loss,val_accuracy,val_macro_f1,val_trial_accuracy,val_k3,ema_loss,ema_accuracy,seconds
1,5.9999999999999995e-05,1.290950066393072,0.5414772727272728,0.9481550342158267,0.6236842105263158,0.6098539613682151,0.825,0.6867647058823529,1.6113101382004587,0.2026315789473684,21.343284499998845
2,0.00011999999999999999,1.093071552623402,0.6720454545454545,0.6386794629849886,0.7552631578947369,0.7495852730585304,0.975,0.8426470588235294,1.619228004154406,0.2,20.53760770000372
3,0.00018,1.003070033680309,0.7379545454545454,0.6550705483085231,0.7671052631578947,0.7507691034388401,0.875,0.8308823529411765,1.6390971949225979,0.22763157894736843,20.498102199999266
4,0.00023999999999999998,0.9306004136258905,0.7744318181818182,0.5262093562828867,0.8065789473684211,0.8058561288772937,0.95,0.8794117647058823,1.679371398373654,0.2,20.498162100004265
5,0.0003,0.9196127458052201,0.7894318181818182,0.6336806855703655,0.7960526315789473,0.7988493007107891,0.925,0.8661764705882353,1.7590087890625,0.2,20.506732800000464
6,0.00035999999999999997,0.8851603031158447,0.8070454545454545,0.6293189876957943,0.7671052631578947,0.7665753814579226,0.875,0.8220588235294117,1.9176796373568084,0.2,20.546052400000917
7,0.00042,0.8740604493834756,0.8189772727272727,0.5366412426296033,0.8118421052631579,0.8066903868111606,0.925,0.8779411764705882,2.128735992155577,0.2,20.538207099998544
8,0.0004799999999999999,0.8910808701948686,0.80875,0.6188657955119484,0.7763157894736842,0.7762534772114205,0.9,0.8308823529411765,2.385788125427146,0.2,20.505496100005985
9,0.00054,0.8267164975946599,0.8413636363636363,0.988925562406841,0.618421052631579,0.6212082386700173,0.6,0.6323529411764706,2.608806248087632,0.2,20.507353100001637
10,0.0005999999999999998,0.8131921477751298,0.8442045454545455,0.44959628550629865,0.8447368421052631,0.8420267036904743,1.0,0.9220588235294118,2.8401564748663652,0.2,20.498920199999702
11,0.0006,0.7987426263635808,0.85125,0.4882249948225523,0.8460526315789474,0.8461676370551592,1.0,0.8955882352941177,3.0128915891835564,0.2,20.463610900005733
12,0.0005999235075645696,0.7945931727235968,0.8605681818181818,0.5142690740133586,0.8302631578947368,0.8232379970453867,0.975,0.8823529411764706,3.1721123944771916,0.2,20.50973140000133
13,0.0005996940693306837,0.8248277997970581,0.8543181818181819,0.6109138476221185,0.7881578947368421,0.7745648408329024,0.925,0.85,3.2959331314814717,0.2,20.496218399995996
14,0.0005993118024955998,0.7746266798539595,0.8679545454545454,0.6966923462717156,0.756578947368421,0.7477614658156249,0.875,0.8,3.3812858986227137,0.2,20.498261200002162
15,0.0005987769023215627,0.7860749803889882,0.8695454545454545,0.556002426147461,0.8052631578947368,0.7988914813025145,0.975,0.8485294117647059,3.295380120057809,0.2,20.515917400000035
16,0.0005980896420360653,0.7697512587634,0.8798863636363636,0.6729974238496078,0.7657894736842106,0.7654311953306803,0.875,0.8161764705882353,3.1530232477344966,0.20657894736842106,20.510587900003884
17,0.0005972503726922827,0.7417690722508864,0.8817045454545455,0.43374510250593484,0.8644736842105263,0.8633015703836426,1.0,0.9264705882352942,3.0180033234389203,0.20921052631578949,20.494967699996778
18,0.0005962595229897549,0.7356102252006531,0.8925,0.4405752094168412,0.8789473684210526,0.8764417753481929,1.0,0.9147058823529411,2.7391817594045085,0.25263157894736843,20.581238500002655
19,0.0005951175990554061,0.7475698911059987,0.8879545454545454,0.5861934457954607,0.8026315789473685,0.7943705224468843,0.925,0.8573529411764705,2.417353218323306,0.3131578947368421,20.55096240000421
20,0.0005938251841850148,0.7534828920797868,0.8857954545454545,0.43145151640239515,0.8539473684210527,0.853656806156806,1.0,0.9176470588235294,2.1088441949533787,0.3907894736842105,20.50662509999529
21,0.0005923829385452652,0.7348244248736988,0.8984090909090909,0.4996151572779605,0.8355263157894737,0.8349479415164351,1.0,0.9,1.7983498422330932,0.4723684210526316,20.52615660000447
22,0.0005907915988365347,0.7047868511893532,0.9088636363636363,0.481418450255143,0.8473684210526315,0.8484040334931139,1.0,0.9044117647058824,1.5002197666387809,0.5421052631578948,20.51806149999902
23,0.0005890519779165858,0.7480281916531649,0.8945454545454545,0.45272431718675715,0.8539473684210527,0.8524892315767609,1.0,0.9176470588235294,1.260665893789969,0.5907894736842105,20.519417099996645
24,0.0005871649643853574,0.6899072563648224,0.9155681818181818,0.4845746492084704,0.8486842105263158,0.8470312243425054,0.975,0.9235294117647059,1.052134022116661,0.6486842105263158,20.49956160000147
25,0.000585131522131068,0.7211271953582764,0.9095454545454545,0.46659004625521205,0.8578947368421053,0.8571969649083977,1.0,0.9147058823529411,0.8790418526059702,0.7052631578947368,20.495346199997584
26,0.0005829526898378601,0.6791057838093151,0.9186363636363636,0.4230565535394769,0.8736842105263158,0.8738139227908924,1.0,0.9279411764705883,0.7697059231369119,0.7263157894736842,20.511258599995926
27,0.0005806295804552395,0.7144541125947779,0.9044318181818182,0.43539669701927586,0.8539473684210527,0.8540650266813214,1.0,0.9235294117647059,0.6870181430327265,0.7592105263157894,20.528991099999985
28,0.0005781633806295796,0.6768995041196997,0.9260227272727273,0.39617156982421875,0.8763157894736842,0.8760137691991357,1.0,0.9485294117647058,0.6168053680344632,0.7828947368421053,20.549708899998222
29,0.0005755553500979822,0.7177262759208679,0.9059090909090909,0.471634294484791,0.843421052631579,0.8416679617211834,1.0,0.9088235294117647,0.5661238814655103,0.7973684210526316,20.55186810000305
30,0.0005728068210448012,0.7038276104493575,0.9194318181818182,0.43187757887338335,0.8578947368421053,0.8562212300663891,1.0,0.9294117647058824,0.5329863498085423,0.8118421052631579,20.546030999998038
31,0.0005699191974211625,0.6908658296411687,0.9172727272727272,0.47447240729081,0.8486842105263158,0.85019694348874,1.0,0.9102941176470588,0.5028285387315248,0.8197368421052632,20.516744200001995
32,0.0005668939542278249,0.7081355491551486,0.9130681818181818,0.4784801294929103,0.8460526315789474,0.839917056664175,0.925,0.8897058823529411,0.4811576237804011,0.8289473684210527,20.534766099997796
33,0.0005637326367617472,0.7050581756505099,0.9156818181818182,0.5016390367558128,0.8394736842105263,0.8358151210491636,1.0,0.8926470588235295,0.46268093680080613,0.8421052631578947,20.533172199997352
34,0.0005604368598267504,0.6995890572938052,0.9164772727272728,0.5540455463685487,0.8,0.8014786126142752,0.95,0.8764705882352941,0.4464666868510999,0.8486842105263158,20.52857429999858
35,0.0005570083069086733,0.673088464086706,0.9305681818181818,0.4991629349557977,0.8394736842105263,0.8393101894338615,1.0,0.9014705882352941,0.43517917802459316,0.8592105263157894,20.578941799998574
36,0.0005534487293154471,0.6796573097055608,0.9263636363636364,0.4562330553406163,0.8421052631578947,0.8422655801160011,1.0,0.9176470588235294,0.4245740592479706,0.8697368421052631,20.7826228000049
37,0.0005497599452825259,0.6528829428282651,0.9330681818181819,0.6028901765221044,0.8039473684210526,0.794224201819352,0.975,0.8558823529411764,0.413525189537751,0.8763157894736842,20.73646309999458
38,0.0005459438390441295,0.6243242181431163,0.9440909090909091,0.41923422374223407,0.8697368421052631,0.8687505729089808,1.0,0.925,0.4041123242754685,0.8789473684210526,20.68943610000133
39,0.0005420023598707758,0.6607889789884741,0.9294318181818182,0.3912336631825096,0.8736842105263158,0.8722363236528613,1.0,0.9426470588235294,0.39659542221772043,0.8776315789473684,20.669541399998707
40,0.0005379375210735911,0.659943071495403,0.9206818181818182,0.46873797366493625,0.8381578947368421,0.8377846406364047,1.0,0.9235294117647059,0.39297561551395216,0.8776315789473684,20.59462760000315
41,0.0005337513989759092,0.6837459854646163,0.9217045454545455,0.48071461665002924,0.8592105263157894,0.8540902009768253,1.0,0.9073529411764706,0.3901452726439426,0.8802631578947369,20.632748600000923
42,0.0005294461318526833,0.6610736879435453,0.9309090909090909,0.46344740986824035,0.8618421052631579,0.8624856413967231,1.0,0.9294117647058824,0.38891181851688184,0.8802631578947369,20.594254100004036
43,0.0005250239188382536,0.6447283748063174,0.9345454545454546,0.4788488629617189,0.843421052631579,0.84394825263822,1.0,0.9102941176470588,0.38188797831535337,0.881578947368421,20.625966600004176
44,0.0005204870188030272,0.6386482657085766,0.9394318181818182,0.40523729826274674,0.8868421052631579,0.8865843710123389,1.0,0.925,0.378019212421618,0.8802631578947369,20.65492390000145
45,0.0005158377491996452,0.6249540001695806,0.9471590909090909,0.4173135064150158,0.8644736842105263,0.864170553623947,1.0,0.9279411764705883,0.3737489606204786,0.881578947368421,20.637597399996594
46,0.0005110784848792257,0.6505193430727179,0.9396590909090909,0.5017010340565129,0.8328947368421052,0.8341934925877247,0.975,0.8985294117647059,0.3706440571107362,0.8855263157894737,20.696674700004223
47,0.0005062116568782877,0.6319695068489422,0.9406818181818182,0.4499830133036563,0.8539473684210527,0.8502780035921805,1.0,0.925,0.36933692191776474,0.881578947368421,20.724298799999815
48,0.0005012397511769754,0.6782040229710665,0.9198863636363637,0.44624744277251394,0.8539473684210527,0.8532133208937083,1.0,0.9102941176470588,0.3704381447089346,0.8855263157894737,20.691859999998996
49,0.0004961653074292177,0.6719089341163635,0.9285227272727272,0.4380373120307922,0.8631578947368421,0.8624900909960601,1.0,0.9147058823529411,0.3718081433522074,0.8842105263157894,20.624815499999386
50,0.0004909909176654702,0.6312956023216247,0.9514772727272728,0.4058645540162137,0.8763157894736842,0.8753194002090444,1.0,0.9426470588235294,0.37136804712446114,0.881578947368421,20.643521199999668
51,0.00048571922496870357,0.6488022262399847,0.93625,0.46358073353767393,0.843421052631579,0.8419774269532745,1.0,0.9058823529411765,0.37249542976680555,0.8776315789473684,20.630121300004248
52,0.00048035292212431514,0.6701290067759427,0.9296590909090909,0.44329258674069455,0.8657894736842106,0.8673699891395324,1.0,0.9294117647058824,0.37262089440697116,0.881578947368421,20.605608999998367
53,0.0004748947502446508,0.6585521739179437,0.9354545454545454,0.4284143736487941,0.8697368421052631,0.868065658245993,1.0,0.9367647058823529,0.36943931579589845,0.8881578947368421,20.618403799999214
54,0.00046934749736884306,0.6309185693480752,0.9456818181818182,0.43328106591576027,0.8592105263157894,0.8571078164345967,1.0,0.9338235294117647,0.36641251413445725,0.8855263157894737,20.64601890000631
55,0.0004637139970386777,0.6506931842457164,0.9469318181818182,0.45049794331977244,0.8592105263157894,0.8581535142912469,1.0,0.9235294117647059,0.366037770948912,0.8881578947368421,20.707662299995718
56,0.000457997126851218,0.635867745551196,0.9469318181818182,0.4335222551697179,0.8776315789473684,0.8769353605456693,1.0,0.9323529411764706,0.36482961617018045,0.8960526315789473,20.687391300001764
57,0.00045219980698892607,0.6685866131565787,0.9402272727272727,0.45341295976387824,0.8578947368421053,0.8581293554092756,1.0,0.9191176470588235,0.3652732249937559,0.8960526315789473,20.634622300000046
58,0.0004463249987280305,0.6348750342022289,0.9340909090909091,0.391953519457265,0.8881578947368421,0.888048653283029,1.0,0.9573529411764706,0.366082583603106,0.8947368421052632,20.68358029999945
59,0.000440375702925904,0.6421564010056582,0.9439772727272727,0.4971115507577595,0.8460526315789474,0.8420348516940122,0.975,0.9014705882352941,0.36746055264221994,0.8934210526315789,20.6771818000052
60,0.0004343549584882226,0.6534992198510603,0.9372727272727273,0.417133451135535,0.8763157894736842,0.8762356511518741,1.0,0.9426470588235294,0.3692074029069198,0.8947368421052632,20.4706778999971
61,0.00042826584081669025,0.6303939486633647,0.9467045454545454,0.4088293586906634,0.8776315789473684,0.8769966425305743,1.0,0.9323529411764706,0.3672372115285773,0.8921052631578947,20.541748899995582
62,0.00042211146023812037,0.6227461749857123,0.9414772727272728,0.4094112992286682,0.8776315789473684,0.8761710682410353,1.0,0.9382352941176471,0.3681594858044072,0.8934210526315789,20.51698580000084
63,0.0004158949604156783,0.6180284508791837,0.9523863636363636,0.3843364307754918,0.8842105263157894,0.8842393239091837,1.0,0.9397058823529412,0.3681583595903296,0.8947368421052632,20.48273550000158
64,0.0004096195167430953,0.6450849145109003,0.94625,0.3992742849023719,0.8868421052631579,0.8879626511377656,1.0,0.9426470588235294,0.36933943095960114,0.8960526315789473,20.51647580000281
65,0.0004032883347226749,0.6539756301316348,0.9393181818181818,0.41363906923093297,0.8710526315789474,0.8717475089092812,1.0,0.9220588235294118,0.36777269557902686,0.8960526315789473,20.54788899999403
66,0.0003969046483279189,0.6232971709424799,0.9555681818181818,0.4140205377026608,0.8723684210526316,0.8727261487298541,1.0,0.9352941176470588,0.36460545219873125,0.8973684210526316,20.51546870000311
67,0.0003904717183516109,0.6209616777029905,0.9380681818181819,0.4452920000804098,0.8618421052631579,0.8615978926171686,1.0,0.9294117647058824,0.3632374007450907,0.8934210526315789,20.51146339999832
68,0.0003839928307402005,0.6294345909898932,0.9542045454545455,0.4472958997676247,0.8526315789473684,0.8512971335732307,1.0,0.9382352941176471,0.3654570337973143,0.8907894736842106,20.51244410000072
69,0.00037747129491533916,0.6495608748089183,0.94,0.4553182103131947,0.8526315789473684,0.8520635749885155,1.0,0.9264705882352942,0.3652125700523979,0.8947368421052632,20.540998800002853
70,0.0003709104420834241,0.6090300382267345,0.9605681818181818,0.40147026494929666,0.8789473684210526,0.8792721074311147,1.0,0.9441176470588235,0.36390001366012975,0.8907894736842106,20.542207400001644
71,0.00036431362353401533,0.6052331154996698,0.9568181818181818,0.38141142192639804,0.8723684210526316,0.8708409805972952,1.0,0.9352941176470588,0.3630544756588183,0.8907894736842106,20.4912731000004
72,0.0003576842089279937,0.638223195292733,0.9445454545454546,0.4126713583343907,0.8828947368421053,0.882657983006397,1.0,0.9558823529411765,0.3608286798000336,0.8947368421052632,20.528235900004802
73,0.0003510255845763356,0.6052280905029991,0.9543181818181818,0.3928169655172448,0.875,0.8760138028243436,1.0,0.9294117647058824,0.3630579888820648,0.8921052631578947,20.533085800001572
74,0.0003443411517103819,0.6503370315378363,0.9439772727272727,0.3965723640040347,0.868421052631579,0.8683481222147911,1.0,0.9323529411764706,0.3643393064800062,0.8921052631578947,20.521351800001867
75,0.0003376343247444856,0.5900229169021953,0.9592045454545455,0.43026392083418996,0.8644736842105263,0.8625193323981805,1.0,0.925,0.3618690481311397,0.8960526315789473,20.510448199995153
76,0.0003309085295319264,0.5994930085268888,0.9557954545454546,0.46641693115234373,0.8447368421052631,0.8471948305858508,1.0,0.9205882352941176,0.361475091858914,0.8947368421052632,20.52643530000205
77,0.0003241672016149815,0.5985345339775086,0.9468181818181818,0.4031492935983758,0.8657894736842106,0.8657834041351498,1.0,0.9529411764705882,0.36141598287381627,0.8947368421052632,20.5221601000012
78,0.00031741378447004763,0.6174971630356528,0.9568181818181818,0.4778593373926062,0.8605263157894737,0.860321720881674,1.0,0.9205882352941176,0.36343010444390145,0.8960526315789473,20.48615460000292
79,0.00031065172774871004,0.6257475987347689,0.9538636363636364,0.45164497745664495,0.8526315789473684,0.8526711616498048,1.0,0.9205882352941176,0.36709361829255754,0.8921052631578947,20.546370300005947
80,0.00030388448551565744,0.6164578078009866,0.9539772727272727,0.4460281764206133,0.868421052631579,0.8680897439147799,1.0,0.9191176470588235,0.3671134939319209,0.8881578947368421,20.495632500002102
81,0.0002971155144843426,0.6289760715311223,0.9534090909090909,0.4341038550201215,0.8657894736842106,0.8652244464212817,1.0,0.9352941176470588,0.37200365537091307,0.8881578947368421,20.563715000003867
82,0.0002903482722512899,0.5980091946775263,0.9611363636363637,0.44329117254207007,0.8578947368421053,0.8576997153100008,1.0,0.9426470588235294,0.37406985634251644,0.8907894736842106,20.606078500000876
83,0.0002835862155299524,0.6301499262723056,0.9479545454545455,0.44566594111291985,0.8631578947368421,0.8643104320518923,1.0,0.9323529411764706,0.375604006804918,0.8894736842105263,20.48747469999944
84,0.00027683279838501855,0.5945971751213074,0.9730681818181818,0.43084845323311655,0.8552631578947368,0.8557909695505472,1.0,0.9470588235294117,0.37931125132661114,0.8881578947368421,20.522793200005253
85,0.00027009147046807365,0.6029730733958157,0.9634090909090909,0.44851993698822823,0.8539473684210527,0.8537220889959922,1.0,0.9235294117647059,0.38119338217534515,0.8868421052631579,20.493451800000912
86,0.0002633656752555145,0.6078791002793745,0.9554545454545454,0.4152077505463048,0.8657894736842106,0.865944161606879,1.0,0.9308823529411765,0.38280808329582217,0.8881578947368421,20.489959099999396
87,0.00025665884828961807,0.6053282739899375,0.9613636363636363,0.4624020808621457,0.8592105263157894,0.8576135654953158,1.0,0.9176470588235294,0.3801853785389348,0.8881578947368421,20.515423899996676
88,0.00024997441542366436,0.6111502760106867,0.9493181818181818,0.4495181833442889,0.8539473684210527,0.8543182136563695,1.0,0.9397058823529412,0.3803513784157602,0.8868421052631579,20.506919500003278
89,0.00024331579107200632,0.6013693747737191,0.9595454545454546,0.3812176349915956,0.8894736842105263,0.8894247623518325,1.0,0.9470588235294117,0.3789472874842192,0.8881578947368421,20.51824840000336
90,0.0002366863764659847,0.6058001732826233,0.9556818181818182,0.38194186373760824,0.8894736842105263,0.8891582227455377,1.0,0.9470588235294117,0.37809504364666185,0.8894736842105263,20.449427600004128
91,0.0002300895579165759,0.6288541837172075,0.9623863636363637,0.41944443489375866,0.875,0.8750132538954392,1.0,0.9397058823529412,0.3795427827458633,0.8881578947368421,20.537828000000445
92,0.0002235287050846607,0.5720359519394961,0.9746590909090909,0.3867118035492144,0.8881578947368421,0.8879434473140139,1.0,0.9544117647058824,0.379728417961221,0.8894736842105263,20.51267260000168
93,0.00021700716925979942,0.6063285781036724,0.9614772727272727,0.4644619207633169,0.8565789473684211,0.85421811029052,1.0,0.9117647058823529,0.3791266595062457,0.8894736842105263,20.479901699996844
94,0.00021052828164838913,0.6099851396950808,0.9514772727272728,0.4633611581827465,0.8447368421052631,0.8439462819802838,1.0,0.9397058823529412,0.37987490170880367,0.8842105263157894,20.52147299999342
95,0.00020409535167208103,0.5685618632489985,0.9657954545454546,0.41698861435840007,0.8789473684210526,0.8781500916777535,1.0,0.9382352941176471,0.3811237937525699,0.8828947368421053,20.5282057000004
96,0.00019771166527732506,0.5632517639073459,0.9744318181818182,0.42110398882313776,0.8789473684210526,0.8778908165390483,1.0,0.9529411764705882,0.38274158584444146,0.881578947368421,20.510129300004337
97,0.00019138048325690465,0.5891487789154053,0.9723863636363637,0.41136209462818346,0.8802631578947369,0.8794609301836672,1.0,0.9441176470588235,0.3814268011795847,0.881578947368421,20.53394589999516
98,0.00018510503958432174,0.6036358562382784,0.9484090909090909,0.44206241808439556,0.8618421052631579,0.8611266261476445,1.0,0.9264705882352942,0.38148683309555054,0.8868421052631579,20.509844400003203
99,0.0001788885397618797,0.6379999273473567,0.9611363636363637,0.4232050437676279,0.8736842105263158,0.872754181617459,1.0,0.9397058823529412,0.38222379182514393,0.8868421052631579,20.526959500006342
100,0.00017273415918330973,0.5884173188426278,0.9680681818181818,0.4258943648714768,0.8671052631578947,0.8659628678158157,1.0,0.9426470588235294,0.38300897698653374,0.8894736842105263,20.533942399997613
101,0.00016664504151177735,0.5988504176790064,0.96,0.4493056441608228,0.8618421052631579,0.8612696285784747,1.0,0.9264705882352942,0.38659985285056264,0.8868421052631579,20.475169799996365
102,0.00016062429707409598,0.5906169791655107,0.9638636363636364,0.43267131667388115,0.8657894736842106,0.8646568158555541,1.0,0.9411764705882353,0.3908704654166573,0.8868421052631579,20.5143867999941
103,0.00015467500127196946,0.5994128199057146,0.9690909090909091,0.3941734724923184,0.8855263157894737,0.884975559559917,1.0,0.95,0.39366820517339207,0.8855263157894737,20.563912300000084
104,0.0001488001930110739,0.570799621777101,0.9695454545454546,0.42974949855553474,0.868421052631579,0.8684854811751453,1.0,0.9382352941176471,0.3929805150157527,0.8868421052631579,20.471576800002367
105,0.00014300287314878202,0.5880868064273488,0.9636363636363636,0.4641337325698451,0.8578947368421053,0.8571771425624914,1.0,0.925,0.3956291609688809,0.8894736842105263,20.47757989999809
106,0.00013728600296132235,0.5553095958449624,0.9746590909090909,0.4128185062031997,0.8763157894736842,0.876226327978728,1.0,0.9485294117647058,0.39617153029692803,0.8881578947368421,20.478735400000005
107,0.00013165250263115694,0.5812465919147838,0.9746590909090909,0.4060292297287991,0.8776315789473684,0.8772353408929255,1.0,0.9441176470588235,0.39539333205474053,0.8868421052631579,20.51843899999949
108,0.0001261052497553492,0.5674346033009616,0.9725,0.47058458736068326,0.8552631578947368,0.8543234474241725,1.0,0.9191176470588235,0.39567750535513224,0.8842105263157894,20.48796460000449
109,0.0001206470778756849,0.5890438360517676,0.9672727272727273,0.4318656112018384,0.8723684210526316,0.8717508112910266,1.0,0.9367647058823529,0.3973455322416205,0.8842105263157894,20.51293440000154
110,0.0001152807750312964,0.585984754562378,0.9677272727272728,0.4107124736434535,0.8763157894736842,0.8761467380287666,1.0,0.9455882352941176,0.39659994056350306,0.8855263157894737,20.54276630000095
111,0.00011000908233452982,0.6016003142703663,0.9629545454545455,0.4236010504396338,0.868421052631579,0.8677704274988965,1.0,0.9323529411764706,0.3972820071797622,0.8828947368421053,20.548088200004713
112,0.00010483469257078224,0.5747640384327282,0.9779545454545454,0.4493297780814924,0.8605263157894737,0.8599394548214203,1.0,0.9308823529411765,0.39717266590971695,0.8855263157894737,20.531322399998317
113,9.976024882302456e-05,0.5860018494996158,0.9673863636363637,0.3922440365741127,0.8934210526315789,0.8925987959714119,1.0,0.9632352941176471,0.39861602783203126,0.881578947368421,20.5759429000027
114,9.478834312171236e-05,0.5957374350591139,0.9645454545454546,0.41070612919958016,0.8842105263157894,0.8834438451411393,1.0,0.9529411764705882,0.3962269026982157,0.8881578947368421,20.510346600000048
115,8.992151512077429e-05,0.5538392498276451,0.9831818181818182,0.4150099901776565,0.881578947368421,0.8813950455194968,1.0,0.9441176470588235,0.39556816596733896,0.8855263157894737,20.530104199999187
116,8.516225080035476e-05,0.6241164853356101,0.9561363636363637,0.40192292803212215,0.8828947368421053,0.8823408411525197,1.0,0.9455882352941176,0.3940972585427134,0.8855263157894737,20.533332099999825
117,8.051298119697266e-05,0.5683174174482172,0.9760227272727273,0.42558898894410385,0.8723684210526316,0.8716195483120547,1.0,0.9338235294117647,0.3955369240359256,0.8828947368421053,20.557198000002245
118,7.597608116174637e-05,0.592527948292819,0.9795454545454545,0.43576435258514,0.8710526315789474,0.8706792598153898,1.0,0.9397058823529412,0.3969526598328038,0.8842105263157894,20.544881999994686
119,7.155386814731662e-05,0.5646389286084609,0.9718181818181818,0.41520875692367554,0.8763157894736842,0.875732056523756,1.0,0.9426470588235294,0.39843653565958925,0.8828947368421053,20.524692000006326
120,6.724860102409081e-05,0.5877004094557329,0.9627272727272728,0.40169260188152917,0.8776315789473684,0.8768605745276599,1.0,0.9485294117647058,0.397356053716258,0.881578947368421,20.52560100000119
121,6.306247892640888e-05,0.573351386460391,0.9730681818181818,0.38494981433215897,0.8868421052631579,0.8865610855660441,1.0,0.9382352941176471,0.39464681556350306,0.8842105263157894,20.511816300000646
122,5.899764012922409e-05,0.5848348744349047,0.9659090909090909,0.38604953194919384,0.8855263157894737,0.8856375544974459,1.0,0.9426470588235294,0.39232386632969507,0.8881578947368421,20.491984799999045
123,5.5056160955870474e-05,0.5917684617909518,0.9638636363636364,0.403864890650699,0.8789473684210526,0.878442576274016,1.0,0.9426470588235294,0.39175423038633245,0.8881578947368421,20.533823500001745
124,5.1240054717474066e-05,0.5680961012840271,0.9756818181818182,0.4173555072985197,0.8723684210526316,0.8725546547326303,1.0,0.9338235294117647,0.3910744924294321,0.8894736842105263,20.50899140000547
125,4.755127068455278e-05,0.5778345450488004,0.9713636363636363,0.38955182589982684,0.8947368421052632,0.8943909568429401,1.0,0.9485294117647058,0.3901720542656748,0.8881578947368421,20.494700800001738
126,4.399169309132677e-05,0.5730589991266077,0.9703409090909091,0.3896137441459455,0.8894736842105263,0.8890796023741838,1.0,0.9411764705882353,0.38926825241038676,0.8894736842105263,20.53055630000017
127,4.0563140173249585e-05,0.5765597753091292,0.9695454545454546,0.4282782300522453,0.8776315789473684,0.8771022460954537,1.0,0.9441176470588235,0.3901506932158219,0.8894736842105263,20.522376599998097
128,3.726736323825278e-05,0.5827216973088004,0.9729545454545454,0.3960602612871873,0.8855263157894737,0.88499778402566,1.0,0.9411764705882353,0.39121334678248354,0.8842105263157894,20.52441099999851
129,3.41060457721751e-05,0.5731203679604964,0.9731818181818181,0.4005080364252392,0.8828947368421053,0.8819877510410418,1.0,0.9470588235294117,0.39173078097795183,0.8868421052631579,20.589290700001584
130,3.1080802578837415e-05,0.5976827590032058,0.9718181818181818,0.3999290874129848,0.8855263157894737,0.8853033722448957,1.0,0.9397058823529412,0.39159778764373376,0.8868421052631579,20.520084800002223
131,2.8193178955198895e-05,0.581478487144817,0.98,0.4071580582543423,0.881578947368421,0.8812011906129704,1.0,0.9455882352941176,0.39371763624643025,0.8868421052631579,20.570727800004533
132,2.544464990201774e-05,0.6009446004304019,0.9644318181818182,0.42040324932650514,0.8763157894736842,0.8753017545275925,1.0,0.9455882352941176,0.39479169437759803,0.8881578947368421,20.504928800000926
133,2.283661937042025e-05,0.5555035762353376,0.9805681818181818,0.4042278882704283,0.8763157894736842,0.8757371248672097,1.0,0.9441176470588235,0.39569244384765623,0.8868421052631579,20.515133900000365
134,2.0370419544760518e-05,0.5629098315672441,0.9757954545454546,0.39859414382984765,0.8828947368421053,0.8823021604368118,1.0,0.9485294117647058,0.39570665924172654,0.8855263157894737,20.519897500002116
135,1.804731016213988e-05,0.5781330526958812,0.97375,0.41219096999419363,0.8776315789473684,0.8771124390053805,1.0,0.9470588235294117,0.3950326223122446,0.8842105263157894,20.499164000000746
136,1.5868477868931964e-05,0.5899547451192683,0.96375,0.40229813362422745,0.8855263157894737,0.8852571901514409,1.0,0.9397058823529412,0.39562940001487734,0.8842105263157894,20.466807900003914
137,1.3835035614642541e-05,0.5920942557941784,0.9652272727272727,0.39809345414764,0.8802631578947369,0.8802255130909357,1.0,0.9411764705882353,0.39489336578469525,0.8868421052631579,20.506373600001098
138,1.1948022083414199e-05,0.5991963390870528,0.9715909090909091,0.3942409320881492,0.8868421052631579,0.8866181454066764,1.0,0.95,0.39410464606787027,0.8881578947368421,20.51315940000495
139,1.0208401163465185e-05,0.5660290489413522,0.975,0.40462228938152917,0.881578947368421,0.8812543504771668,1.0,0.95,0.3937182771532159,0.8881578947368421,20.554510499998287
140,8.617061454734755e-06,0.5883367971940474,0.9692045454545455,0.4024879054019326,0.8763157894736842,0.8763845806771389,1.0,0.9411764705882353,0.39365868913499935,0.8868421052631579,20.471388700003445
141,7.1748158149852224e-06,0.587703749700026,0.9665909090909091,0.39114693089535363,0.8828947368421053,0.8829094554664415,1.0,0.9485294117647058,0.39371137117084704,0.8881578947368421,20.505875200004084
142,5.882400944593751e-06,0.629621298529885,0.9617045454545454,0.38945746202217907,0.8960526315789473,0.8955464215640822,1.0,0.9514705882352941,0.3935134897106572,0.8881578947368421,20.518100699999195
143,4.740477010244959e-06,0.5859451688419689,0.9563636363636364,0.3984509107313658,0.8881578947368421,0.8875114499616352,1.0,0.9485294117647058,0.39348473862597816,0.8868421052631579,20.49981570000091
144,3.7496273077172435e-06,0.5931625767187638,0.9665909090909091,0.4030625183331339,0.881578947368421,0.8811610739635303,1.0,0.9441176470588235,0.3939291699936515,0.8881578947368421,20.54561410000315
145,2.9103579639347222e-06,0.6156538970903916,0.9670454545454545,0.39922991394996643,0.8881578947368421,0.8879395699717024,1.0,0.95,0.39447760362374157,0.8881578947368421,20.51453490000131
146,2.223097678437247e-06,0.5974807911569422,0.9761363636363637,0.3968181820292222,0.8894736842105263,0.8889166576594439,1.0,0.9514705882352941,0.394634527281711,0.8881578947368421,20.5214946000051
147,1.6881975044002091e-06,0.5684521878849377,0.9740909090909091,0.39783003989018895,0.8881578947368421,0.8877013377650629,1.0,0.95,0.39467853684174387,0.8868421052631579,20.683928799997375
148,1.3059306693162125e-06,0.5779893913052299,0.9669318181818182,0.39975433318238507,0.8802631578947369,0.8803560480908386,1.0,0.9426470588235294,0.39461469148334705,0.8868421052631579,20.545421399998304
149,1.0764924354303636e-06,0.5465526273033836,0.9780681818181818,0.39267722650578146,0.8894736842105263,0.8889804701166817,1.0,0.9514705882352941,0.39427265399380734,0.8868421052631579,20.54589280000073
150,1e-06,0.5580696498263966,0.9795454545454545,0.38984354828533374,0.8894736842105263,0.8891603354772961,1.0,0.9485294117647058,0.39386195069865176,0.8881578947368421,20.536110000000917
